Link,Text,Company,Contact 1,Contact 2,Contact 3,Remote,City,State,Glassdoor Rating,Avg SWEng Salary,Glassdoor,Glassdoor Link,Date Applied,Response,Critiques
"https://www.glassdoor.com/job-listing/software-qa-engineer-propeller-health-JV_IC1133470_KO0,20_KE21,37.htm?jl=1701469074",Propeller Health,Propeller Health,,,,,Madison,WI,4.6,"$70,000",Glassdoor,https://www.glassdoor.com/Reviews/Propeller-Health-Reviews-E669726.htm,,,
"https://www.glassdoor.com/job-listing/gameplay-engineer-raven-raven-software-JV_IC1133474_KO0,23_KE24,38.htm?jl=1329124702",Raven,Raven,,,,,Madison,WI,4.5,"$66,579",Glassdoor,https://www.glassdoor.com/Reviews/Raven-Software-Reviews-E243730.htm,,,
https://eatstreet.com/careers,EatStreet,EatStreet,,,,,Madison,WI,4.5,"$52,454",Glassdoor,https://www.glassdoor.com/Salary/EatStreet-Salaries-E712187.htm,,,
http://careers.stackoverflow.com/jobs/82828/software-engineers-research-security-grammatech-inc?offset=2&pg=24&sort=p&utm_source=Indeed&utm_medium=organic&utm_campaign=Indeed,GrammaTech,GrammaTech,,,,,Madison,WI,4.5,"$89,337",Glassdoor,https://www.glassdoor.com/Salary/GrammaTech-Salaries-E263980.htm,,,
"https://www.glassdoor.com/job-listing/software-engineer-nextpoint-JV_IC1133470_KO0,17_KE18,27.htm?jl=1206834304",Nextpoint,Nextpoint,,,,,Madison,WI,4.0,"$96,000",Glassdoor,https://www.glassdoor.com/Reviews/Reef-Point-Reviews-E19040.htm,,,
http://forteresearch.com/about/job-post/?id=2,Forte Research,Forte Research,,,,,Madison,WI,3.6,"$73,962",Glassdoor,"https://www.glassdoor.com/Overview/Working-at-Forte-Research-Systems-EI_IE672872.11,33.htm",,,
http://symphonycorp.force.com/jobs/ts2__JobDetails?jobId=a0Xd0000004lCbTEAU&tSource=a0td0000005csouAAA,Symphony,Symphony,,,,,Madison,WI,3.5,"$86,714",Glassdoor,"https://www.glassdoor.com/Overview/Working-at-Symphony-Corporation-EI_IE414457.11,31.htm",,,
"https://www.glassdoor.com/job-listing/software-developer-full-time-or-intern-perblue-JV_IC1133470_KO0,38_KE39,46.htm?jl=1706934138",PerBlue,PerBlue,,,,,Madison,WI,3.5,"$56,000",Glassdoor,"https://www.glassdoor.com/Overview/Working-at-Perblue-EI_IE600552.11,18.htm",,,
"https://www.glassdoor.com/job-listing/software-engineer-web-store-development-intern-snei-sony-playstation-network-JV_IC1133474_KO0,51_KE52,76.htm?jl=1696642603",Sony,Sony,,,,,Madison,WI,3.4,"$70,544",Glassdoor,"https://www.glassdoor.com/Overview/Working-at-Sony-Creative-Software-EI_IE234040.11,33.htm",,,
http://chc.tbe.taleo.net/chc01/ats/careers/requisition.jsp?org=WTSPARADIGM&cws=1&rid=212&source=Glassdoor,WTS Paradigm,WTS Paradigm,,,,,Madison,WI,3.2,"$57,359",Glassdoor,"https://www.glassdoor.com/Overview/Working-at-WTS-Paradigm-EI_IE349419.11,23.htm",,,
http://www.indeed.com/cmp/RateLinx/jobs/Software-Developer-1e225cf60eee2fac?sjdu=QwrRXKrqZ3CNX5W-O9jEvRFd8FQI4DEv5V74lSpSnHYwQV3oQmYlywwMk4hmpa_hUyTzx843VZ1m-ZV73DJ7HA,RateLinx,RateLinx,,,,,Madison,WI,2.9,"$79,921",Glassdoor,https://www.glassdoor.com/Salary/RateLinx-Salaries-E969124.htm,,,
https://www.linkedin.com/jobs2/view/77527134?trkInfo=searchKeywordString%3ASoftware%2CsearchLocationString%3AMadison%2C+WI%2Cvertical%3Ajobs%2CpageNum%3A1%2Cposition%3A16%2CMSRPsearchId%3A428704952_1452303648065&trk=jobs_jserp_job_listing_text,Amazon - ShopBop,Amazon - ShopBop,,,,,Madison,WI,2.9,"$108,761",Glassdoor,"https://www.glassdoor.com/Overview/Working-at-Shopbop-EI_IE461206.11,18.htm",,,
https://www.talentlogic.com/jobdetails/?id=67485,Sai People Solutions,Sai People Solutions,,,,,Madison,WI,4.4,,Glassdoor,"https://www.glassdoor.com/Overview/Working-at-Talent-Logic-EI_IE841140.11,23.htm",,,
https://jobs-bakertilly.icims.com/jobs/7631/software-developer/candidate?hideBasicProfilePageFields=true&resumeSubmitted=1&hrs=1,Baker Tilly,Baker Tilly,,,,,Madison,WI,3.7,,Glassdoor,"https://www.glassdoor.com/Overview/Working-at-Baker-Tilly-EI_IE498666.11,22.htm",,,
"https://www.glassdoor.com/job-listing/software-engineer-rockauto-JV_IC1133470_KO0,17_KE18,26.htm?jl=1168540679",RockAuto,RockAuto,,,,,Madison,WI,3.6,,Glassdoor,https://www.glassdoor.com/Reviews/RockAuto-Reviews-E529437.htm,,,
http://chj.tbe.taleo.net/chj05/ats/careers/requisition.jsp?org=JOHNSONHEALTH&cws=5&rid=321&source=Glassdoor,Johnson Health Tech,Johnson Health Tech,,,,,Madison,WI,3.5,,Glassdoor,https://www.glassdoor.com/Reviews/Johnson-Health-Tech-NA-Reviews-E304972.htm,,,
https://www.linkedin.com/jobs2/view/93811726?trkInfo=searchKeywordString%3ASoftware%2CsearchLocationString%3AMadison%2C+WI%2Cvertical%3Ajobs%2CpageNum%3A1%2Cposition%3A15%2CMSRPsearchId%3A428704952_1452303572835&trk=jobs_jserp_job_listing_text,CUNA Mutual Group,CUNA Mutual Group,,,,,Madison,WI,3.5,,Glassdoor,"https://www.glassdoor.com/Overview/Working-at-CUNA-Mutual-EI_IE15626.11,22.htm",,,
http://amfam.taleo.net/careersection/american+family+insurance+external/jobdetail.ftl?job=08748&src=SNS-10740,AmFam Insurance,AmFam Insurance,,,,,Madison,WI,3.4,,Glassdoor,https://www.glassdoor.com/Reviews/American-Family-Insurance-Reviews-E2706.htm,,,
http://social.icims.com/job/SOFTWARE-ENGINEER-I-SOFTWARE-ENGINEER-II-Job-US-WI-Madison-12958684.html?isd_source=glassdoor&mode=job&iisn=Glassdoor&iis=Glassdoor,TDS Telecom,TDS Telecom,,,,,Madison,WI,3.3,,Glassdoor,https://www.glassdoor.com/Reviews/TDS-Telecommunications-Reviews-E33603.htm,,,
"https://www.glassdoor.com/job-listing/software-engineer-ssm-health-JV_IC1133470_KO0,17_KE18,28.htm?jl=1691664062",SSM Health,SSM Health,,,,,Madison,WI,3.2,,Glassdoor,"https://www.glassdoor.com/Overview/Working-at-SSM-Health-EI_IE2987.11,21.htm",,,
https://healthgrades.csod.com/ats/careersite/JobDetails.aspx?id=927,Healthgrades,Healthgrades,,,,,Madison,WI,2.9,,Glassdoor,https://www.glassdoor.com/Salary/Healthgrades-Salaries-E554965.htm,,,
https://flexion-openhire.silkroad.com/epostings/index.cfm?fuseaction=app.uploadresume,Flexion,Flexion,,,,,Madison,WI,,,Glassdoor,https://www.glassdoor.com/Salary/Flexion-Salaries-E1082857.htm,,,
http://www.indeed.com/cmp/Moxe-Health/jobs/Junior-Software-Engineer-df9a0396b6dc80ce,Moxe Health,Moxe Health,,,,,Madison,WI,,,Glassdoor,,,,
http://www.indeed.com/viewjob?cmp=HDWB-Consulting&t=Software+Engineer&jk=c47749b1a22e9464&q=software+engineer+%2455%2C000,HDWB Consulting,HDWB Consulting,,,,,Madison,WI,,,Glassdoor,,,,
https://epic.avature.net/Careers/FolderDetail/Verona-Wisconsin-United-States-Software-Development-Co-op-Fall-2016/1663https:/epic.avature.net/Careers/FolderDetail/Verona-Wisconsin-United-States-Software-Development-Co-op-Fall-2016/1663,Epic - Intern,Epic - Intern,,,,,Madison,WI,,,Glassdoor,,,,
https://www.google.com/about/careers/search?src=Online/Job%20Board/glassdoor&utm_source=glassdoor&utm_medium=jobposting&utm_campaign=contract,Google,Google,,,,,Madison,WI,,,Glassdoor,,,,
https://netchemia.tedk12.com/hire/ViewJob.aspx?JobID=81,Netchemia,Netchemia,,,,,Kansas City,MO,4.4,"$72,295",Glassdoor,https://www.glassdoor.com/Reviews/Netchemia-Reviews-E259180.htm,,,
https://sjobs.brassring.com/tgwebhost/jobdetails.aspx?jobid=499924&jobreqlang=1&jobsiteid=5109&jobsiteinfo=499924_5109&gqid=0&partnerid=20085&siteid=5109&type=mail,EMC^2,EMC^2,,,,,Kansas City,MO,3.8,"$89,024",Glassdoor,https://www.glassdoor.com/Reviews/EMC-Reviews-E219.htm,,,
http://technosoftcorp.catsone.com/careers/index.php?m=portal&a=details&jobOrderID=5472215,Technosoft Corp,Technosoft Corp,,,,,Kansas City,MO,3.6,"$75,733",Glassdoor,https://www.glassdoor.com/Salary/Technosoft-Corporation-Salaries-E296055.htm,,,
http://hire.jobvite.com/CompanyJobs/Careers.aspx?k=Job&c=qUJ9Vfwr&j=oiIjZfw2&s=glassdoor,The Nerdery,The Nerdery,,,,,Kansas City,MO,3.6,"$69,147",Glassdoor,https://www.glassdoor.com/Salary/The-Nerdery-Salaries-E249800.htm,,,
http://www.dsiglobal.com/careers/software-developer-i-kansas-city-mo-us/,DSI,DSI,,,,,Kansas City,MO,3.6,"$57,636",Glassdoor,https://www.glassdoor.com/Salary/DSI-Salaries-E388745.htm,,,
http://saepio.applicantstack.com/x/detail/a24unu5q8986/aa1b,Saepio Technologies,Saepio Technologies,,,,,Kansas City,MO,3.6,"$63,969",Glassdoor,https://www.glassdoor.com/Salary/Saepio-Technologies-Salaries-E264618.htm,,,
https://sjobs.brassring.com/tgwebhost/jobdetails.aspx?jobid=268323&jobreqlang=1&jobsiteid=5095&jobsiteinfo=268323_5095&gqid=0&partnerid=25754&siteid=5095&type=mail,Cerner,Cerner,,,,,Kansas City,MO,3.5,"$69,500",Glassdoor,https://www.glassdoor.com/Reviews/Cerner-Reviews-E1242.htm,,,
https://cox.taleo.net/careersection/coxextcmg/jobdetail.ftl?job=235047,Cox Media Group,Cox Media Group,,,,,Kansas City,MO,3.3,"$83,853",Glassdoor,https://www.glassdoor.com/Salary/Cox-Media-Group-Salaries-E354400.htm,,,
http://www.nigelfrank.com/en/vacancy/125590/software-engineer--kansas-city--70k-110k-,Nigel Frank International,Nigel Frank International,,,,,Kansas City,MO,3.3,"$90,000",Glassdoor,https://www.glassdoor.com/Reviews/Nigel-Frank-International-Reviews-E461078.htm,,,
https://sjobs.brassring.com/tgwebhost/jobdetails.aspx?jobId=499924&type=search&JobReqLang=1&recordstart=1&JobSiteId=5109&JobSiteInfo=499924_5109&GQId=0&partnerid=20085&siteid=5109,RSA,RSA,,,,,Kansas City,MO,3.2,"$73,000",Glassdoor,https://www.glassdoor.com/Reviews/Rochester-Software-Associates-Reviews-E102053.htm,,,
https://sportinginnovations.workable.com/jobs/25936,Sporting Innovations iOS,Sporting Innovations iOS,,,,,Kansas City,MO,3.1,"$77,000",Glassdoor,https://www.glassdoor.com/Salary/Sporting-Innovations-Salaries-E636739.htm,,,
https://sportinginnovations.workable.com/jobs/70056,Sporting Innovations Java,Sporting Innovations Java,,,,,Kansas City,MO,3.1,"$77,000",Glassdoor,https://www.glassdoor.com/Reviews/Sporting-Innovations-Reviews-E636739.htm,,,
https://cox.taleo.net/careersection/cox_externalcareers/jobdetail.ftl?job=154151&lang=en&src=JB-10600,VinSolutions,VinSolutions,,,,,Kansas City,MO,4.1,,Glassdoor,https://www.glassdoor.com/Reviews/VinSolutions-Reviews-E416562.htm,,,
https://www.linkedin.com/jobs2/view/93885207?trkInfo=searchKeywordString%3ASoftware%2CsearchLocationString%3AKansas+City%2C+MO%2Cvertical%3Ajobs%2CpageNum%3A1%2Cposition%3A9%2CMSRPsearchId%3A428704952_1452318732621&trk=jobs_jserp_job_listing_text,Shamrock Trading Corp,Shamrock Trading Corp,,,,,Kansas City,MO,4.0,,Glassdoor,https://www.glassdoor.com/Reviews/Shamrock-Trading-Corporation-Reviews-E996360.htm,,,
http://www.altekkc.com/jobs?cjobid=LA222390527&rpid=24786,ALTEK,ALTEK,,,,,Kansas City,MO,3.5,,Glassdoor,https://www.glassdoor.com/Salary/Altek-Salaries-E923722.htm,,,
http://careers.bv.com/careers/PipelineDetail/KS-Overland-Park-Software-Developer-Analyst/5005,Black & Veatch,Black & Veatch,,,,,Kansas City,MO,3.5,,Glassdoor,https://www.glassdoor.com/Salary/Black-and-Veatch-Salaries-E3605.htm,,,
http://hire.jobvite.com/CompanyJobs/Careers.aspx?k=Job&c=qDH9Vfw8&j=ogEh2fwX&s=glassdoor,Alvalara,Alvalara,,,,,Kansas City,MO,3.4,,Glassdoor,https://www.glassdoor.com/Reviews/Avalara-Reviews-E116638.htm,,,
https://careers-servicemgmtgroup.icims.com/jobs/1056/associate-software-engineer/job,SMG,SMG,,,,,Kansas City,MO,3.4,,Glassdoor,https://www.glassdoor.com/Reviews/Service-Management-Group-Reviews-E219697.htm,,,
https://workforcenow.adp.com/jobs/apply/posting.html?client=ScriptPro&jobId=37184,ScriptPro,ScriptPro,,,,,Kansas City,MO,3.3,,Glassdoor,https://www.glassdoor.com/Reviews/ScriptPro-Reviews-E115225.htm,,,
http://www.modis.com/job/software-engineer-job-kansas-city-mo/?ID=US_EN_6_17432_43569142&sitename=modis.us,Modis,Modis,,,,,Kansas City,MO,3.3,,Glassdoor,https://www.glassdoor.com/Salary/Modis-Salaries-E18712.htm,,,
http://www.euronetworldwide.com/corporate/careers.cfm?cjobid=AQ18542484&rpid=8078,Euronet Worldwide,Euronet Worldwide,,,,,Kansas City,MO,2.9,,Glassdoor,"https://www.glassdoor.com/Salary/Euronet-Kansas-City-Salaries-EI_IE6640.0,7_IL.8,19_IM437.htm",,,
https://recruit.zoho.com/recruit/ViewJob.na?digest=aAAgorVdm1sV@XvaWYbwzfj2Ey8FtZoMNMDjAHPwqgU-&embedsource=Glassdoor,Willard Powell,Willard Powell,,,,,Kansas City,MO,,,Glassdoor,N/A,,,
http://www.indeed.com/cmp/Herzog/jobs/Software-Engineer-bdd02e3f0073f35c?sjdu=QwrRXKrqZ3CNX5W-O9jEvRFd8FQI4DEv5V74lSpSnHYKY059PewhrWYl9e40FrvuVLkeiEGyOuD-ypTS_AKzsw,Herzog Railroad Services,Herzog Railroad Services,,,,,Kansas City,MO,,,Glassdoor,N/A,,,
http://www.indeed.com/cmp/MySmartPlans/jobs/Software-Developer-8e022da2d9af048e?sjdu=QwrRXKrqZ3CNX5W-O9jEvRFd8FQI4DEv5V74lSpSnHbugT_Cxk6ZKGHC3E4JH_Xpvm7m5ky3rsgtXtnLwukOMA,MySmartPlans,MySmartPlans,,,,,Kansas City,MO,,,Glassdoor,"https://www.glassdoor.com/Overview/Working-at-Marathon-Digital-Services-EI_IE874279.11,36.htm",,,
"http://www.indeed.com/viewjob?cmp=PC--Doctor,-Inc.&t=Software+Engineer&jk=03043d10d45b03bc&q=software+%2465%2C000",PC-Doctor Inc,PC-Doctor Inc,,,,,Reno,NV,3.9,"$85,124",Glassdoor,https://www.glassdoor.com/Salary/PC-Doctor-Salaries-E111545.htm,,,
https://beyondsoft-inc.workable.com/jobs/171793,"BeyondSoft, Inc","BeyondSoft, Inc",,,,,Reno,NV,2.9,"$78,585",Glassdoor,https://www.glassdoor.com/Salary/Beyondsoft-Consulting-Salaries-E425595.htm,,,
https://careers.peopleclick.com/careerscp/Client_WMSGaming/sg_external/gateway.do?functionName=viewFromLink&jobPostId=8673&localeCode=en-us&sourceType=PREMIUM_POST_SITE&source=Glassdoor,Scientific Games,Scientific Games,,,,,Reno,NV,2.8,"$75,500",Glassdoor,https://www.glassdoor.com/Salary/Scientific-Games-Salaries-E1998.htm,,,
https://vgt-openhire.silkroad.com/epostings/index.cfm?fuseaction=app.dspjob&jobid=561&company_id=16821&version=1&jobBoardId=3337,Video Gaming Tech,Video Gaming Tech,,,,,Reno,NV,2.7,,Glassdoor,https://www.glassdoor.com/Salary/Video-Gaming-Technologies-Salaries-E42468.htm,,,
http://jobs.jobvite.com/careers/transmosis/job/olOe0fw7,Transmosis,Transmosis,,,,,Reno,NV,,,Glassdoor,N/A,,,
"https://www.glassdoor.com/job-listing/software-engineer-c-technosoft-JV_IC1150499_KO0,19_KE20,30.htm?jl=1644188592",Technosoft Corp,Technosoft Corp,,,,,Seattle,WA,3.6,"$75,000",Glassdoor,https://www.glassdoor.com/Reviews/Technosoft-Corporation-Reviews-E296055.htm,,,
"https://www.glassdoor.com/job-listing/software-engineer-clarity-consulting-JV_IC1150505_KO0,17_KE18,36.htm?jl=1674200273",Clarity Consulting,Clarity Consulting,,,,,Seattle,WA,4.7,,Glassdoor,https://www.glassdoor.com/Reviews/Clarity-Consulting-Reviews-E261637.htm,,,
"https://www.glassdoor.com/job-listing/software-engineer-maq-consulting-JV_IC1150505_KO0,17_KE18,32.htm?jl=1631659151",MAQ Consulting,MAQ Consulting,,,,,Seattle,WA,3.6,,Glassdoor,https://www.glassdoor.com/Reviews/MAQ-Consulting-Reviews-E251411.htm,,,
https://boards.greenhouse.io/curalate/jobs/61377?t=7ukqbv,Curalate,Curalate,,,,,Seattle,WA,4.9,,Glassdoor,https://www.glassdoor.com/Reviews/Curalate-Reviews-E546796.htm,,,
https://www.pcrecruiter.net/pcrbin/reg5.exe?db=8YReKyax4CL%2f0kU%2bhBuB0KfofYXCMA%3d%3d&id=249252134393729&rid=https%3A%2F,Akvelon,Akvelon,,,,,Seattle,WA,3.8,"$82,931",Glassdoor,https://www.glassdoor.com/Reviews/Akvelon-Reviews-E357508.htm,,,
http://www.jobs.libertymutualgroup.com/us/united-states/information-technology/jobid8442479-software-developer&apstr=src%3DJB-13500,Liberty Mutual,Liberty Mutual,,,,,Seattle,WA,3.5,,Glassdoor,https://www.glassdoor.com/Reviews/Liberty-Mutual-Insurance-Reviews-E2874.htm,,,
"http://www.vertafore.com/About-Us/Careers/Openings?nl=1&jvi=o9j61fwj,Job&jvs=glassdoor&jvk=Job",Vertafore,Vertafore,,,,,Seattle,WA,3.1,"$70,102",Glassdoor,https://www.glassdoor.com/Reviews/Vertafore-Reviews-E35307.htm,,,
https://rew12.ultipro.com/CAR1031/JobBoard/JobDetails.aspx?__ID=*C19D4FEE07F7F9B7&__jbsrc=98F38EAA-35DD-4066-A133-F6E05B5752FC,Cardigm,Cardigm,,,,,Seattle,WA,3.1,"$102,924",Glassdoor,https://www.glassdoor.com/Reviews/Caradigm-Reviews-E542496.htm,,,
http://imgur.com/jobs/positions,Imgur,Imgur,,,,,,,,,,,,,
http://us.blizzard.com/en-us/company/careers/directory.html,Blizzard,Blizzard,,,,,,,,,,,,,
https://www.bungie.net/en/AboutUs/index,Bungie,Bungie,,,,,,,,,,,,,
http://www.gearboxsoftware.com/jobs/,Gearbox Software,Gearbox Software,,,,,,,,,,,,,
https://nintendo.taleo.net/careersection/10000/jobsearch.ftl?lang=en,Nintendo,Nintendo,,,,,,,,,,,,,
https://www.sledgehammergames.com/careers,Sledgehammer Games,Sledgehammer Games,,,,,,,,,,,,,
https://boards.greenhouse.io/optimizely7/jobs/111121?gh_jid=111121,Optimizely,Optimizely,,,,,,,,,,,,,
http://www.tripadvisor.com/careers/,TripAdvisor,TripAdvisor,,,,,,,,,,,,,
https://careers.yahoo.com/us/search/?q=software,Yahoo,Yahoo,,,,,,,,,,,,,
http://www.adobe.com/careers/how-to-apply.html,Adobe,Adobe,,,,,,,,,,,,,
https://www.amazon.jobs/jobs-category/software-development,Amazon,Amazon,,,,,,,,,,,,,
http://www.aol-careers.com/careers/search-open-positions,AOL,AOL,,,,,,,,,,,,,
https://jobs.apple.com/us/search?jobType=1,Apple,Apple,,,,,,,,,,,,,
https://jobs.lever.co/beepi/70ffe218-4c29-4df9-bc10-e9a74dc71d06?lever-source=indeed,Beepi,Beepi,,,,,,,,,,,,,
https://jobs.zenimax.com/requisitions/view/76,Bethesda Softworks,Bethesda Softworks,,,,,,,,,,,,,
http://ebaycareers.jobs/software-engineer/jobs-in/,eBay,eBay,,,,,,,,,,,,,
http://www.elementaltechnologies.com/company/careers/open-positions,Elemental,Elemental,,,,,,,,,,,,,
https://epicgames.avature.net/careers/,Epic Games,Epic Games,,,,,,,,,,,,,
http://jobs.espncareers.com/search/software,ESPN,ESPN,,,,,,,,,,,,,
https://www.facebook.com/careers/teams/engineering/,Facebook,Facebook,,,,,,,,,,,,,
http://www.fulcrumco.com/careers/cr-careers/,Fulcrum,Fulcrum,,,,,,,,,,,,,
https://jobs.groupon.com/,Groupon,Groupon,,,,,,,,,,,,,
https://intel.taleo.net/careersection/10000/jobsearch.ftl,Intel Corporation,Intel Corporation,,,,,,,,,,,,,
https://www.linkedin.com/vsearch/j?page_num=1&locationType=Y&f_C=2561065%2C39939%2C9202023%2C290903%2C1337&trk=jobs_biz_prem_all,LinkedIn,LinkedIn,,,,,,,,,,,,,
https://www.lyft.com/jobs/software-engineer,Lyft,Lyft,,,,,,,,,,,,,
http://www.machinezone.com/careers,Machine Zone,Machine Zone,,,,,,,,,,,,,
http://www.netsuite.com/portal/common/career/products/9796usau.html?utm_source=Indeed&utm_medium=organic&utm_campaign=Indeed,NetSuite,NetSuite,,,,,,,,,,,,,
https://www.oculus.com/en-us/careers/a0I1200000G5JwtEAF/,Oculus,Oculus,,,,,,,,,,,,,
https://hire.jobvite.com/CompanyJobs/Careers.aspx?k=Job&c=qkm9Vfwu&j=oGWY1fwl&s=Indeed,Okta,Okta,,,,,,,,,,,,,
https://careers-retailmenot.icims.com/,"RetailMeNot, Inc.","RetailMeNot, Inc.",,,,,,,,,,,,,
http://www.rockstargames.com/careers/openings/rockstar-san-diego,Rockstar Games,Rockstar Games,,,,,,,,,,,,,
http://careers.force.com/jobs/ts2__JobDetails?jobId=a1k700000007gjRAAQ&tSource=a1z7000000001NIAAY,Salesforce,Salesforce,,,,,,,,,,,,,
https://boards.greenhouse.io/snapchat,Snapchat,Snapchat,,,,,,,,,,,,,
http://sproutsocial.applytojob.com/apply/job_20150921212605_PK4JYZVAMKAGCSY9/Software-Engineer-Recent-Grad-2016?source=INDE,SproutSocial,SproutSocial,,,,,,,,,,,,,
https://symantec.wd1.myworkdayjobs.com/careers,Symantec,Symantec,,,,,,,,,,,,,
https://jobs.lever.co/twitch,Twitch,Twitch,,,,,,,,,,,,,
https://about.twitter.com/careers/teams/software-engineering,Twitter,Twitter,,,,,,,,,,,,,
http://vmware.jobs/engineering-jobs/new-jobs/,VMWare,VMWare,,,,,,,,,,,,,
http://www.yelp.com/careers,Yelp,Yelp,,,,,,,,,,,,,
https://www.zynga.com/careers/positions/categories/engineering,Zynga,Zynga,,,,,,,,,,,,,
http://jobs.raytheon.com/,Raytheon,Raytheon,,,,,,,,,,,,,
https://www.twilio.com/company/jobs,Twilio,Twilio,,,,,,,,,,,,,
https://www.dropbox.com/jobs/product/engineering,Dropbox,Dropbox,,,,,,,,,,,,,
https://careers.americanexpress.com/,American Express,American Express,,,,,,,,,,,,,
"https://jobsearch.paypal-corp.com/jobs?categories=Software%20Development,Software%20Architecture,Software%20QA,Technical%20Product%20Management&page=1",PayPal,PayPal,,,,,,,,,,,,,
https://seagate.taleo.net/careersection/2/jobsearch.ftl?keyword=grp,Seagate,Seagate,,,,,,,,,,,,,
http://hire.jobvite.com/CompanyJobs/Careers.aspx?c=q8Z9VfwV&page=Jobs,Square,Square,,,,,,,,,,,,,
http://corporate.kabam.com/careers-detail/?jobid=oon41fwA,Kabam,Kabam,,,,,,,,,,,,,
https://jobs.lever.co/dotandbo/f90d8528-54d3-4756-829e-8e66e5356d2f,Dot & Bo,Dot & Bo,,,,,,,,,,,,,
"https://www.ixl.com/company/jobs?nl=1&jvi=oCsBWfwl,Job&jvs=Indeed&jvk=Job",IXL Learning,IXL Learning,,,,,,,,,,,,,
https://apply.tableau.com/5450?src=Website%20-%20Tableau%20Software,Tableau,Tableau,,,,,,,,,,,,,
https://www.tango.me/careers?gh_jid=73642,Tango,Tango,,,,,,,,,,,,,
https://www1.apply2jobs.com/InsomniacGames/ProfExt/index.cfm?fuseaction=mExternal.showJob&RID=1141&CurrentPage=1,Insomniac Games,Insomniac Games,,,,,,,,,,,,,
https://careers.microsoft.com/search.aspx,Microsoft,Microsoft,,,,,,,,,,,,,
https://www.google.com/about/careers/search,Google,Google,,,,,,,,,,,,,
http://www.garmin.com/us/company/careers/engineering-jobs/,Garmin,Garmin,,,,,,,,,,,,,
https://sjobs.brassring.com/TGWebHost/home.aspx?partnerid=471&siteid=219&Codes=WIGT,IGT,IGT,,,,,,,,,,,,,
https://epic.avature.net/Careers/FolderDetail/Verona-Wisconsin-United-States-Software-Developer/740,Epic,Epic,,,,,,,,,,,,,
https://www.ubisoft.com/en-US/careers/search.aspx,Ubisoft,Ubisoft,,,,,,,,,,,,,
https://www.activision.com/careers,Activision,Activision,,,,,,,,,,,,,
https://www.uber.com/jobs/list,Uber,Uber,,,,,,,,,,,,,
https://www.zocdoc.com/careers/software-engineer-25,ZocDoc,ZocDoc,,,,,,,,,,,,,
https://rn11.ultipro.com/HAW1000/JobBoard/JobDetails.aspx?__ID=*1CDF803A0F7E8EF5&__jbsrc=E030BFE9-8E02-4380-BCB1-67C214C3F4F3,Hawaiian Airlines,Hawaiian Airlines,,,,,,,,,,,,,
https://www.goodreads.com/jobs,Goodreads,Goodreads,,,,,,,,,,,,,
http://www.zillow.com/jobs/openings/?k=software,Zillow,Zillow,,,,,,,,,,,,,
https://www.airbnb.com/careers/departments/engineering,Airbnb,Airbnb,,,,,,,,,,,,,
http://careers.ea.com/ea-career-search,Electronic Arts,Electronic Arts,,,,,,,,,,,,,
http://mailchimp.com/about/jobs/,MailChimp,MailChimp,,,,,,,,,,,,,
https://www.box.com/careers/,Box,Box,,,,,,,,,,,,,
http://www.hulu.com/jobs/category,Hulu,Hulu,,,,,,,,,,,,,
https://www.quora.com/careers/software_engineer,Quora,Quora,,,,,,,,,,,,,
https://www.janestreet.com/join-jane-street/apply/,Jane Street,Jane Street,,,,,,,,,,,,,
https://www.blackducksoftware.com/careers/openings/software-engineer-3,Black Duck Software,Black Duck Software,,,,,,,,,,,,,
https://www.google.com/about/careers/search?src=Online/Job+Board/indeed&utm_source=indeed&utm_medium=jobaggr&utm_campaign=freeaggr,YouTube,YouTube,,,,,,,,,,,,,
https://www.cia.gov/careers/opportunities/support-professional/apps-developer.html,CIA,CIA,,,,,,,,,,,,,
https://genesyscareers.genesys.com/epostings/index.cfm?fuseaction=app.jobsearch,Genesys,Genesys,,,,,,,,,,,,,
http://www.pandora.com/careers/all,Pandora,Pandora,,,,,,,,,,,,,
http://careers.autodesk.com/careers/software-engineering-jobs,Autodesk,Autodesk,,,,,,,,,,,,,
http://www.cdkjobs.com/jobs/technology/portland-or-usa/software-engineer-i-82820-/82820?lang=en,CDK Global,CDK Global,,,,,,,,,,,,,
https://www.usajobs.gov/Search?Keyword=NASA&Location=&homeRadPublic=public&AutoCompleteSelected=False,NASA,NASA,,,,,,,,,,,,,
http://jobsearch.nvidia.com/pljb/nvidia/nvidiaemployment/applicant/searchJobs.jsp?keyword=software&jobLocation=&x=0&y=0,Nvidia,Nvidia,,,,,,,,,,,,,
"http://www.glassdoor.com/Job/Orbitz-Worldwide-Software-Engineer-Jobs-EI_IE12146.0,16_KO17,34.htm",Orbitz,Orbitz,,,,,,,,,,,,,
http://www.biotronik.com/wps/wcm/connect/en_us_web/biotronik/careers/job_search/page_jobsearch_us,Biotronik,Biotronik,,,,,,,,,,,,,
http://www.hamiltoncompany.com/about-us/open-career-positions/hamilton-company-careers/principal-firmware-engineer,Hamilton,Hamilton,,,,,,,,,,,,,
http://intrepid.io/careers,Intrepid Pursuits,Intrepid Pursuits,,,,,,,,,,,,,
https://jobs.zappos.com/careers,Zappos,Zappos,,,,,,,,,,,,,
https://jobs.lever.co/21,21,21,,,,,San Francisco,CA,,,,,,,
https://www.23andme.com/careers/,23andMe,23andMe,,,,,Mountain View,CA,,,,,,,
https://6sense.com/about-us/careers-and-culture/,6sense,6sense,,,,,San Francisco,CA,,,,,,,
http://www.achievers.com/careers/jobs,Achievers,Achievers,,,,,San Francisco,CA,,,,,,,
https://www.addepar.com/careers/,Addepar,Addepar,,,,,Mountain View,CA,,,,,,,
https://www.aerofs.com/company/careers/,AeroSF,AeroSF,,,,,San Francisco,CA,,,,,,,
https://www.affirm.com/careers/,Affirm,Affirm,,,,,San Francisco,CA,,,,,,,
https://www.airbnb.com/careers,Airbnb,Airbnb,,,,,San Francisco,CA,,,,,,,
https://airtable.com/jobs,Airtable,Airtable,,,,,San Francisco,CA,,,,,,,
https://www.altschool.com/jobs,AltSchool,AltSchool,,,,,San Francisco,CA,,,,,,,
http://amobee.com/careers/,Amobee,Amobee,,,,,Foster City,CA,,,,,,,
http://corporate.ancestry.com/careers/,Ancestry,Ancestry,,,,,Provo,UT,,,,,,,
https://andigital.com/join-us/,ANDigital,ANDigital,,,,,"London, WC2N 4JF",UK,,,,,,,
http://www.appfolioinc.com/jobs,AppFolio,AppFolio,,,,,San Diego,CA,,,,,,,
http://www.appfolioinc.com/jobs,AppFolio,AppFolio,,,,,Santa Barbara,CA,,,,,,,
http://www.appnexus.com/en/company/careers,AppNexus,AppNexus,,,,,New York,NY,,,,,,,
http://www.apptio.com/about/careers,Apptio,Apptio,,,,,Bellevue,WA,,,,,,,
https://asana.com/jobs,Asana,Asana,,,,,San Francisco,CA,,,,,,,
http://aspirationsoftware.com/careers/,Aspiration Software,Aspiration Software,,,,,Middleburg,VA,,,,,,,
http://www.audience.com/careers-jobvite,Audience,Audience,,,,,Mountain View,CA,,,,,,,
http://august.com/jobs/,August,August,,,,,San Francisco,CA,,,,,,,
https://automatedinsights.com/company/careers/,AutomatedInsights,AutomatedInsights,,,,,Durham,NC,,,,,,,
https://automattic.com/work-with-us/,Automattic,Automattic,,,,,San Francisco,CA,,,,,,,
http://www.bamboohr.com/about/careers.php,BambooHR,BambooHR,,,,,Lindon,UT,,,,,,,
https://bitly.com/pages/careers,Bitly,Bitly,,,,,Denver,CO,,,,,,,
https://bitly.com/pages/careers,Bitly,Bitly,,,,,New York,NY,,,,,,,
https://bitly.com/pages/careers,Bitly,Bitly,,,,,San Francisco,CA,,,,,,,
https://bitnami.com/careers,Bitnami,Bitnami,,,,,San Francisco,CA,,,,,,,
http://www.bittorrent.com/company/about/jobs,BitTorrent,BitTorrent,,,,,San Francisco,CA,,,,,,,
https://www.bloomz.net/,Bloomz,Bloomz,,,,,Redmond,WA,,,,,,,
https://jobs.lever.co/brigade,Brigade,Brigade,,,,,San Francisco,CA,,,,,,,
https://www.buildasign.com/careers,BuildASign,BuildASign,,,,,Austin,TX,,,,,,,
https://www.buildzoom.com/careers,BuildZoom,BuildZoom,,,,,San Francisco,CA,,,,,,,
https://www.buildzoom.com/careers,BuildZoom,BuildZoom,,,,,Norman,OK,,,,,,,
https://www.busbud.com/en/careers,Busbud,Busbud,,,,,Montreal,QB,,,,,,,
http://www.buzzfeed.com/about/jobs,BuzzFeed,BuzzFeed,,,,,Los Angeles,CA,,,,,,,
http://www.buzzfeed.com/about/jobs,BuzzFeed,BuzzFeed,,,,,New York,NY,,,,,,,
https://captain401.com/careers,Captain401,Captain401,,,,,San Francisco,CA,,,,,,,
https://casetext.com/jobs,Casetext,Casetext,,,,,Palo Alto,CA,,,,,,,
https://boards.greenhouse.io/casper,Casper,Casper,,,,,New York,NY,,,,,,,
http://www.catchpoint.com/about/careers/,Catchpoint,Catchpoint,,,,,New York,NY,,,,,,,
http://www.centro.net/careers,Centro,Centro,,,,,Chicago,IL,,,,,,,
https://www.change.org/careers,change.org,change.org,,,,,San Francisco,CA,,,,,,,
http://www.chewy.com/jobs,Chewy,Chewy,,,,,Dania Beach,FL,,,,,,,
https://jobs.lever.co/chexology,Chexology,Chexology,,,,,New York,NY,,,,,,,
https://circleup.com/jobs/,CircleUp,CircleUp,,,,,San Francisco,CA,,,,,,,
https://jobs.citrix.com/,Citrix,Citrix,,,,,,,,,,,,,
https://www.clearslide.com/careers,ClearSlide,ClearSlide,,,,,San Francisco,CA,,,,,,,
http://www.cloudera.com/content/www/en-us/about-cloudera/careers.html,Cloudera,Cloudera,,,,,Palo Alto,CA,,,,,,,
http://www.cloudera.com/content/www/en-us/about-cloudera/careers.html,Cloudera,Cloudera,,,,,San Francisco,CA,,,,,,,
https://www.helloclue.com/jobs.html,Clue,Clue,,,,,,,,,,,,,
http://www.clustrix.com/company/careers/,Clustrix,Clustrix,,,,,San Francisco,CA,,,,,,,
http://www.clustrix.com/company/careers/,Clustrix,Clustrix,,,,,Seattle,WA,,,,,,,
http://www.clustrix.com/company/careers/,Clustrix,Clustrix,,,,,San Jose,CA,,,,,,,
https://www.codecademy.com/about/jobs,Codecademy,Codecademy,,,,,New York,NY,,,,,,,
https://codeship.com/jobs,Codeship,Codeship,,,,Yes,Boston,MA,,,,,,,
https://www.coinbase.com/careers,Coinbase,Coinbase,,,,,San Francisco,CA,,,,,,,
https://www.cornerstoneondemand.com/careers,CornerStone OnDemand,CornerStone OnDemand,,,,,Santa Monica,CA,,,,,,,
http://www.couchbase.com/careers,Couchbase,Couchbase,,,,,Mountain View,CA,,,,,,,
http://www.couchsurfing.com/about/jobs/,Couchsurfing,Couchsurfing,,,,,San Francisco,CA,,,,,,,
https://www.counsyl.com/careers/,Counsyl,Counsyl,,,,,San Francisco,CA,,,,,,,
https://www.coursera.org/about/careers,Coursera,Coursera,,,,,Mountain View,CA,,,,,,,
https://www.creditkarma.com/careers,CreditKarma,CreditKarma,,,,,San Francisco,CA,,,,,,,
https://www.crowdrise.com/about/jobs,CrowdRise,CrowdRise,,,,,Los Angelas,CA,,,,,,,
http://www.crowdstar.com/careers/,CrowdStar,CrowdStar,,,,,Burlingame,CA,,,,,,,
https://jobs.lever.co/cruise,Cruise,Cruise,,,,,San Francisco,CA,,,,,,,
https://info.crunchbase.com/careers/,CrunchBase,CrunchBase,,,,,San Francisco,CA,,,,,,,
https://cumulusnetworks.com/careers/,Cumulus Networks,Cumulus Networks,,,,,Mountain View,CA,,,,,,,
https://www.digitalocean.com/company/careers/,DigitalOcean,DigitalOcean,,,,Yes,New York,NY,,,,,,,
https://disqus.com/jobs/,Disqus,Disqus,,,,,San Francisco,CA,,,,,,,
http://we.dji.com/career.html,DJI,DJI,,,,,Palo Alto,CA,,,,,,,
https://www.docker.com/careers,Docker,Docker,,,,,San Francisco,CA,,,,,,,
https://www.docusign.com/company/careers,DocuSign,DocuSign,,,,,San Francisco,CA,,,,,,,
https://www.docusign.com/company/careers,DocuSign,DocuSign,,,,,Seattle,WA,,,,,,,
https://www.doordash.com/jobs/,DoorDash,DoorDash,,,,,San Francisco,CA,,,,,,,
http://careers.draftkings.com/,DraftKings,DraftKings,,,,,Boston,MA,,,,,,,
http://careers.draftkings.com/,DraftKings,DraftKings,,,,,New York,NY,,,,,,,
https://www.dropbox.com/jobs,Dropbox,Dropbox,,,,,New York,NY,,,,,,,
https://www.dropbox.com/jobs,Dropbox,Dropbox,,,,,Seattle,WA,,,,,,,
https://www.dropbox.com/jobs,Dropbox,Dropbox,,,,,San Francisco,CA,,,,,,,
https://www.duolingo.com/jobs,Duolingo,Duolingo,,,,,Pittsburgh,PA,,,,,,,
https://www.eagleview.com/Careers.aspx,EagleView,EagleView,,,,,Bothell,WA,,,,,,,
https://www.edmodo.com/careers,Edmodo,Edmodo,,,,,San Mateo,CA,,,,,,,
http://www.edmunds.com/careers/,Edmunds,Edmunds,,,,,Santa Monica,CA,,,,,,,
https://www.edx.org/careers,EdX,EdX,,,,,Cambridge,MA,,,,,,,
http://www.eharmony.com/about/careers/,eHarmony,eHarmony,,,,,Los Angeles,CA,,,,,,,
https://www.elastic.co/about/careers,Elasticsearch,Elasticsearch,,,,,Mountain View,CA,,,,,,,
http://www.energysavvy.com/careers,EnergySavvy,EnergySavvy,,,,,Seattle,WA,,,,,,,
https://www.etsy.com/careers/,Etsy,Etsy,,,,,New York,NY,,,,,,,
https://www.eventbrite.com/jobs/,Eventbrite,Eventbrite,,,,,San Francisco,CA,,,,,,,
https://evernote.com/careers/,Evernote,Evernote,,,,,Redwood City,CA,,,,,,,
https://www.facebook.com/careers/,Facebook,Facebook,,,,,Boston,MA,,,,,,,
https://www.facebook.com/careers/,Facebook,Facebook,,,,,Seattle,WA,,,,,,,
https://www.facebook.com/careers/,Facebook,Facebook,,,,,San Francisco,CA,,,,,,,
https://www.facebook.com/careers/,Facebook,Facebook,,,,,Redmond,WA,,,,,,,
https://www.facebook.com/careers/,Facebook,Facebook,,,,,Menlo Park,CA,,,,,,,
https://www.facebook.com/careers/,Facebook,Facebook,,,,,Los Angeles,CA,,,,,,,
http://www.farfetch.com/careers,Farfetch,Farfetch,,,,,,,,,,,,,
https://www.fitbit.com/jobs,Fitbit,Fitbit,,,,,Palo Alto,CA,,,,,,,
https://about.flipboard.com/careers/,Flipboard,Flipboard,,,,,New York,NY,,,,,,,
https://about.flipboard.com/careers/,Flipboard,Flipboard,,,,,San Francisco,CA,,,,,,,
https://foursquare.com/jobs/,Foursquare,Foursquare,,,,,San Francisco,CA,,,,,,,
https://www.fundingcircle.com/us/about/careers/,Funding Circle,Funding Circle,,,,,San Francisco,CA,,,,,,,
https://generalassemb.ly/careers,General Assembly,General Assembly,,,,,New York,NY,,,,,,,
https://github.com/about/jobs,GitHub,GitHub,,,,Yes,San Francisco,CA,,,,,,,
https://about.gitlab.com/jobs/,GitLab,GitLab,,,,,,,,,,,,,
http://product.gree.net/us/en/careers,Gree,Gree,,,,,San Francisco,CA,,,,,,,
http://www.greenhouse.io/careers,Greenhouse,Greenhouse,,,,,New York,NY,,,,,,,
https://www.grubhub.com/about/careers,GrubHub,GrubHub,,,,,New York,NY,,,,,,,
https://careers.guidewire.com/jobs,Guidewire,Guidewire,,,,,Foster City,CA,,,,,,,
http://gumgum.com/careers,GumGum,GumGum,,,,,Santa Monica,CA,,,,,,,
https://gusto.com/careers,Gusto,Gusto,,,,,San Francisco,CA,,,,,,,
https://www.hackerrank.com/careers,HackerRank,HackerRank,,,,,Palo Alto,CA,,,,,,,
https://hailo.workable.com/,Hailo,Hailo,,,,,,,,,,,,,
https://www.hipmunk.com/jobs,Hipmunk,Hipmunk,,,,,San Francisco,CA,,,,,,,
http://www.hubspot.com/jobs,HubSpot,HubSpot,,,,,Cambridge,MA,,,,,,,
http://www.idealab.com/about_idealab/careers.html,Idealab,Idealab,,,,,Pasadena,CA,,,,,,,
https://www.illumio.com/careers,Illumio,Illumio,,,,,Sunnyvale,CA,,,,,,,
http://imgur.com/jobs,Imgur,Imgur,,,,,San Francisco,CA,,,,,,,
http://www.indeed.com/cmp/Indeed,Indeed,Indeed,,,,,Austin,TX,,,,,,,
https://www.indiegogo.com/careers,Indiegogo,Indiegogo,,,,,New York,NY,,,,,,,
https://www.indiegogo.com/careers,Indiegogo,Indiegogo,,,,,San Francisco,CA,,,,,,,
http://www.infinera.com/company/career/jobs/,Infinera,Infinera,,,,,Sunnyvale,CA,,,,,,,
https://boards.greenhouse.io/influxdb,InfluxDB,InfluxDB,,,,,Denver,CO,,,,,,,
https://boards.greenhouse.io/influxdb,InfluxDB,InfluxDB,,,,,San Francisco,CA,,,,,,,
https://boards.greenhouse.io/influxdb,InfluxDB,InfluxDB,,,,,New York,NY,,,,,,,
http://www.inmobi.com/company/careers/,InMobi,InMobi,,,,,San Francisco,CA,,,,,,,
https://www.instacart.com/jobs,InstaCart,InstaCart,,,,,San Francisco,CA,,,,,,,
http://integralads.com/about/careers/,Integral Ad Science,Integral Ad Science,,,,,New York,NY,,,,,,,
http://integralads.com/about/careers/,Integral Ad Science,Integral Ad Science,,,,,Seattle,WA,,,,,,,
http://intellisis.com/,Intellisis,Intellisis,,,,,San Diego,CA,,,,,,,
http://www.intentsoft.com/careers/,Intentional,Intentional,,,,,Bellevue,WA,,,,,,,
https://www.inin.com/careers,Interactive Intelligence,Interactive Intelligence,,,,,Indianapolis,IN,,,,,,,
https://jawbone.com/careers,Jawbone,Jawbone,,,,,San Francisco,CA,,,,,,,
https://jet.com/about-us/working-at-jet/,Jet,Jet,,,,,New York,NY,,,,,,,
https://www.jetbrains.com/company/jobs/,JetBrains,JetBrains,,,,,Cambridge,MA,,,,,,,
https://www.jivesoftware.com/about-jive/careers/,Jive,Jive,,,,,Portland,OR,,,,,,,
http://www.jobvite.com/company/careers/,Jobvite,Jobvite,,,,,San Mateo,CA,,,,,,,
https://www.khanacademy.org/careers,Khan Academy,Khan Academy,,,,Yes,Mountain View,CA,,,,,,,
https://www.kickstarter.com/jobs,Kickstarter,Kickstarter,,,,,New York,NY,,,,,,,
http://www.kik.com/careers/,Kik,Kik,,,,,Waterloo,ON,,,,,,,
https://www.kinnek.com/jointeam/,Kinnek,Kinnek,,,,,New York,NY,,,,,,,
https://lastpass.com/jobs/,LastPass,LastPass,,,,,Fairfax,VA,,,,,,,
https://www.lendup.com/careers,LendUp,LendUp,,,,,San Francisco,CA,,,,,,,
https://jobs.lever.co/lever,Lever,Lever,,,,,San Francisco,CA,,,,,,,
https://www.lifesize.com/en/company/careers,Lifesize,Lifesize,,,,,Austin,TX,,,,,,,
https://www.linkedin.com/company/linkedin/careers,LinkedIn,LinkedIn,,,,,Mountain View,CA,,,,,,,
http://www.lithium.com/company/careers/job-openings/,Lithium,Lithium,,,,,Austin,TX,,,,,,,
http://www.lithium.com/company/careers/job-openings/,Lithium,Lithium,,,,,San Francisco,CA,,,,,,,
http://www.livescribe.com/en-us/jobs/,Livescribe,Livescribe,,,,,Oakland,CA,,,,,,,
http://www.logitech.com/en-us/careers/home,Logitech,Logitech,,,,,Newark,CA,,,,,,,
http://www.looker.com/careers,Looker,Looker,,,,,San Francisco,CA,,,,,,,
https://www.golucid.co/jobs,Lucid Software,Lucid Software,,,,,South Jordan,UT,,,,,,,
https://jobs.lever.co/luxe,Luxe,Luxe,,,,,San Francisco,CA,,,,,,,
https://www.lyft.com/jobs,Lyft,Lyft,,,,,San Francisco,CA,,,,,,,
https://www.lyft.com/jobs,Lyft,Lyft,,,,,Seattle,WA,,,,,,,
https://www.machinezone.com/careers,Machine Zone,Machine Zone,,,,,Palo Alto,CA,,,,,,,
http://mailchimp.com/about/jobs/,MailChimp,MailChimp,,,,,Atlanta,GA,,,,,,,
http://marketo.jobs/careers/,Marketo,Marketo,,,,,San Mateo,CA,,,,,,,
https://mattermark.com/jobs/,Mattermark,Mattermark,,,,,San Francisco,CA,,,,,,,
http://matterport.com/positions/,Matterport,Matterport,,,,,Mountain View,CA,,,,,,,
https://www.maxcdn.com/careers/,MaxCDN,MaxCDN,,,,,Los Angeles,CA,,,,,,,
http://www.medallia.com/open-positions/,Medallia,Medallia,,,,,Palo Alto,CA,,,,,,,
http://www.meetup.com/jobs/,Meetup,Meetup,,,,,New York,NY,,,,,,,
https://boards.greenhouse.io/metromile,Metromile,Metromile,,,,,Boston,MA,,,,,,,
https://boards.greenhouse.io/metromile,Metromile,Metromile,,,,,San Francisco,CA,,,,,,,
http://mindcandy.com/careers,Mind Candy,Mind Candy,,,,,,,,,,,,,
https://mixbit.com/jobs,MixBit,MixBit,,,,,San Mateo,CA,,,,,,,
https://mixpanel.com/jobs/,Mixpanel,Mixpanel,,,,,San Francisco,CA,,,,,,,
https://www.mongodb.com/careers,MongoDB,MongoDB,,,,,New York,NY,,,,,,,
https://www.mongodb.com/careers,MongoDB,MongoDB,,,,,Palo Alto,CA,,,,,,,
https://mongolab.com/company/,MongoLab,MongoLab,,,,,San Francisco,CA,,,,,,,
https://careers.mozilla.org/en-US/,Mozilla,Mozilla,,,,Yes,Boston,MA,,,,,,,
https://careers.mozilla.org/en-US/,Mozilla,Mozilla,,,,,San Francisco,CA,,,,,,,
https://www.mulesoft.com/careers,MuleSoft,MuleSoft,,,,,San Francisco,CA,,,,,,,
https://munchery.com/jobs/,Munchery,Munchery,,,,,San Francisco,CA,,,,,,,
http://newrelic.com/about/careers,New Relic,New Relic,,,,,San Francisco,CA,,,,,,,
https://www.nexmo.com/company/careers/,Nexmo,Nexmo,,,,,San Francisco,CA,,,,,,,
https://nextdoor.com/jobs/,Nextdoor,Nextdoor,,,,,San Francisco,CA,,,,,,,
http://www.oblong.com/company/careers/,Oblong,Oblong,,,,,Los Angeles,CA,,,,,,,
https://www.okta.com/company/careers/,Okta,Okta,,,,,San Francisco,CA,,,,,,,
https://www.okta.com/company/careers/,Okta,Okta,,,,,Seattle,WA,,,,,,,
https://www.onefootball.com/company/careers.html,Onefootball,Onefootball,,,,,,,,,,,,,
https://www.onelogin.com/jobs,OneLogin,OneLogin,,,,,San Francisco,CA,,,,,,,
https://whispersystems.org/workworkwork/,Open Whisper Systems,Open Whisper Systems,,,,,San Francisco,CA,,,,,,,
https://www.opendoor.com/jobs,Opendoor,Opendoor,,,,,San Francisco,CA,,,,,,,
http://www.opentable.com/careers/,OpenTable,OpenTable,,,,,San Francisco,CA,,,,,,,
https://opower.com/careers,Opower,Opower,,,,,Arlington,VA,,,,,,,
https://opower.com/careers,Opower,Opower,,,,,San Francisco,CA,,,,,,,
https://www.optimizely.com/careers/,Optimizely,Optimizely,,,,,San Francisco,CA,,,,,,,
https://www.palantir.com/careers/,Palantir,Palantir,,,,,New York,NY,,,,,,,
https://www.palantir.com/careers/,Palantir,Palantir,,,,,Palo Alto,CA,,,,,,,
https://www.paloaltonetworks.com/company/careers.html,Palo Alto Networks,Palo Alto Networks,,,,,Santa Clara,CA,,,,,,,
http://www.pandora.com/careers/all,Pandora,Pandora,,,,,Oakland,CA,,,,,,,
https://www.paypal.com/webapps/mpp/jobs,Paypal,Paypal,,,,,San Jose,CA,,,,,,,
https://careers.pinterest.com/,Pinterest,Pinterest,,,,,San Francisco,CA,,,,,,,
http://pivotal.io/careers,Pivotal,Pivotal,,,,,Atlanta,GA,,,,,,,
http://pivotal.io/careers,Pivotal,Pivotal,,,,,San Francisco,CA,,,,,,,
http://pivotal.io/careers,Pivotal,Pivotal,,,,,New York,NY,,,,,,,
http://pivotal.io/careers,Pivotal,Pivotal,,,,,Los Angeles,CA,,,,,,,
https://postmates.com/jobs,Postmates,Postmates,,,,,San Francisco,CA,,,,,,,
http://prezi.com/jobs/,Prezi,Prezi,,,,,,,,,,,,,
http://careers.priceline.com/,Priceline,Priceline,,,,,Norwalk,CT,,,,,,,
https://prism.com/careers/,Prism,Prism,,,,,San Francisco,CA,,,,,,,
https://jobs.lever.co/pristine/,Pristine,Pristine,,,,,Austin,TX,,,,,,,
https://prominic.net/about-us/careers/,Prominic,Prominic,,,,,Champaign,IL,,,,,,,
https://prominic.net/about-us/careers/,Prominic,Prominic,,,,,Rantoul,IL,,,,,,,
https://www.purestorage.com/company/careers.html,Pure Storage,Pure Storage,,,,,Bellevue,WA,,,,,,,
https://www.purestorage.com/company/careers.html,Pure Storage,Pure Storage,,,,,Mountain View,CA,,,,,,,
http://www.qlik.com/company/careers,Qlik,Qlik,,,,,San Francisco,CA,,,,,,,
https://www.quantcast.com/about-us/careers/,Quantcast,Quantcast,,,,,San Francisco,CA,,,,,,,
https://quizlet.com/jobs,Quizlet,Quizlet,,,,,San Francisco,CA,,,,,,,
https://www.quora.com/careers,Quora,Quora,,,,,Mountain View,CA,,,,,,,
http://www.rackspace.com/talent/,Rackspace,Rackspace,,,,,Austin,TX,,,,,,,
http://www.rackspace.com/talent/,Rackspace,Rackspace,,,,,San Antonio,TX,,,,,,,
http://radius.com/jobs/,Radius,Radius,,,,,San Francisco,CA,,,,,,,
http://jobs.redbull.com/us/en-US,Redbull,Redbull,,,,,Santa Monica,CA,,,,,,,
https://jobs.lever.co/reddit,Reddit,Reddit,,,,,San Francisco,CA,,,,,,,
http://www.redfin.com/about/jobs,Redfin,Redfin,,,,,San Francisco,CA,,,,,,,
http://www.redfin.com/about/jobs,Redfin,Redfin,,,,,Seattle,WA,,,,,,,
http://retailnext.net/about-us/career-openings/,RetailNext,RetailNext,,,,,Chicago,IL,,,,,,,
http://retailnext.net/about-us/career-openings/,RetailNext,RetailNext,,,,,San Jose,CA,,,,,,,
http://retailnext.net/about-us/career-openings/,RetailNext,RetailNext,,,,,San Francisco,CA,,,,,,,
http://www.riotgames.com/careers,Riot Games,Riot Games,,,,,Los Angeles,CA,,,,,,,
https://www.riskiq.com/careers,RiskIQ,RiskIQ,,,,,San Francisco,CA,,,,,,,
https://jobs.lever.co/robinhood,Robinhood,Robinhood,,,,,Palo Alto,CA,,,,,,,
https://www.roku.com/about/jobs,Roku,Roku,,,,,Austin,TX,,,,,,,
https://www.roku.com/about/jobs,Roku,Roku,,,,,Los Gatos,CA,,,,,,,
https://sadasystems.com/careers,SADA Systems,SADA Systems,,,,,Los Angeles,CA,,,,,,,
https://www.scribd.com/about/jobs,Scribd,Scribd,,,,,San Francisco,CA,,,,,,,
https://www.seamless.com/about/careers,Seamless,Seamless,,,,,Chicago,IL,,,,,,,
https://www.seamless.com/about/careers,Seamless,Seamless,,,,,New York,NY,,,,,,,
https://seatgeek.com/jobs/,SeatGeek,SeatGeek,,,,,New York,NY,,,,,,,
https://sendgrid.com/careers,SendGrid,SendGrid,,,,,Boulder,CO,,,,,,,
https://sendgrid.com/careers,SendGrid,SendGrid,,,,,Denver,CO,,,,,,,
https://jobs.lever.co/shopco,ShopCo,ShopCo,,,,,San Francisco,CA,,,,,,,
https://www.shopify.com/careers,Shopify,Shopify,,,,Yes,Ottawa,ON,,,,,,,
https://www.shopify.com/careers,Shopify,Shopify,,,,,Toronto,ON,,,,,,,
https://www.shoretel.com/careers,ShoreTel,ShoreTel,,,,,Austin,TX,,,,,,,
https://www.shoretel.com/careers,ShoreTel,ShoreTel,,,,,Sunnyvale,CA,,,,,,,
https://www.shoretel.com/careers,ShoreTel,ShoreTel,,,,,Rochester,NY,,,,,,,
https://www.shutterflyinc.com/careers.html,Shutterfly,Shutterfly,,,,,Greenville,SC,,,,,,,
https://www.shutterflyinc.com/careers.html,Shutterfly,Shutterfly,,,,,Tempe,AZ,,,,,,,
https://www.shutterflyinc.com/careers.html,Shutterfly,Shutterfly,,,,,Redwood City,CA,,,,,,,
https://siftscience.com/jobs,Sift Science,Sift Science,,,,,San Francisco,CA,,,,,,,
https://www.signifyd.com/careers/,Signifyd,Signifyd,,,,Yes,Remote; San Jose,CA,,,,,,,
https://simplycreditinc.com/careers,SimplyCredit,SimplyCredit,,,,,San Francisco,CA,,,,,,,
http://www.skhms.com/careers/,SKHMS,SKHMS,,,,,San Jose,CA,,,,,,,
https://www.skillshare.com/careers,Skillshare,Skillshare,,,,,New York,NY,,,,,,,
https://slack.com/jobs,Slack,Slack,,,,,San Francisco,CA,,,,,,,
http://careers.slice.com/,Slice,Slice,,,,,San Mateo,CA,,,,,,,
https://www.smartsheet.com/careers,Smartsheet,Smartsheet,,,,,Bellevue,WA,,,,,,,
https://www.snapchat.com/jobs,Snapchat,Snapchat,,,,,Venice,CA,,,,,,,
http://www.spacex.com/careers,SpaceX,SpaceX,,,,,Hawthorne,CA,,,,,,,
https://www.spotify.com/us/jobs/,Spotify,Spotify,,,,,Boston,MA,,,,,,,
https://www.spotify.com/us/jobs/,Spotify,Spotify,,,,,San Francisco,CA,,,,,,,
https://www.spotify.com/us/jobs/,Spotify,Spotify,,,,,New York,NY,,,,,,,
https://squareup.com/careers,Square,Square,,,,,Atlanta,GA,,,,,,,
https://squareup.com/careers,Square,Square,,,,,San Francisco,CA,,,,,,,
https://squareup.com/careers,Square,Square,,,,,New York,NY,,,,,,,
http://www.squarespace.com/about/careers,Squarespace,Squarespace,,,,,New York,NY,,,,,,,
https://ssimicro.com/job-postings,SSi Micro,SSi Micro,,,,,Kanata,ON,,,,,,,
https://stripe.com/jobs/,Stripe,Stripe,,,,,San Francisco,CA,,,,,,,
http://study.com/pages/Employment.html,Study.com,Study.com,,,,,Mountain View,CA,,,,,,,
https://www.surveymonkey.com/mp/jobs/,SurveyMonkey,SurveyMonkey,,,,,Palo Alto,CA,,,,,,,
https://careers.tableau.com/listing,Tableau,Tableau,,,,,Palo Alto,CA,,,,,,,
https://careers.tableau.com/listing,Tableau,Tableau,,,,,Seattle,WA,,,,,,,
http://www.ted.com/about/our-organization/jobs-at-ted,TED,TED,,,,,New York,NY,,,,,,,
https://teespring.com/jobs,Teespring,Teespring,,,,,San Francisco,CA,,,,,,,
http://www.telenav.com/about/career/,Telenav,Telenav,,,,,Sunnyvale,CA,,,,,,,
http://www.climate-careers.com/,The Climate Corporation,The Climate Corporation,,,,,Chicago,IL,,,,,,,
http://www.climate-careers.com/,The Climate Corporation,The Climate Corporation,,,,,St. Louis,MO,,,,,,,
http://www.climate-careers.com/,The Climate Corporation,The Climate Corporation,,,,,Seattle,WA,,,,,,,
http://www.climate-careers.com/,The Climate Corporation,The Climate Corporation,,,,,San Francisco,CA,,,,,,,
http://jobs.theleague.com/,The League,The League,,,,,,,,,,,,,
http://www.thoughtspot.com/careers,ThoughtSpot,ThoughtSpot,,,,,Palo Alto,CA,,,,,,,
https://www.thumbtack.com/jobs,Thumbtack,Thumbtack,,,,,San Francisco,CA,,,,,,,
http://www.tillster.com/careers/,Tillster,Tillster,,,,,Los Angeles,CA,,,,,,,
http://www.tillster.com/careers/,Tillster,Tillster,,,,,San Diego,CA,,,,,,,
https://www.tilt.com/learn/jobs,Tilt,Tilt,,,,,Austin,TX,,,,,,,
https://www.tilt.com/learn/jobs,Tilt,Tilt,,,,,San Francisco,CA,,,,,,,
https://www.tintup.com/jobs,Tint,Tint,,,,,San Francisco,CA,,,,,,,
https://www.tivo.com/jobs,TiVo,TiVo,,,,,Durham,NC,,,,,,,
https://www.tivo.com/jobs,TiVo,TiVo,,,,,San Jose,CA,,,,,,,
https://travisci.workable.com/,Travis CI,Travis CI,,,,,,,,,,,,,
http://www.tripadvisor.com/careers/,TripAdvisor,TripAdvisor,,,,,Boston,MA,,,,,,,
http://www.tripadvisor.com/careers/,TripAdvisor,TripAdvisor,,,,,San Francisco,CA,,,,,,,
http://www.tripadvisor.com/careers/,TripAdvisor,TripAdvisor,,,,,New York,NY,,,,,,,
https://www.trustwave.com/Company/About-Us/Careers/,Trustwave,Trustwave,,,,,Austin,TX,,,,,,,
https://www.trustwave.com/Company/About-Us/Careers/,Trustwave,Trustwave,,,,,Pittsburgh,PA,,,,,,,
https://www.trustwave.com/Company/About-Us/Careers/,Trustwave,Trustwave,,,,,New York,NY,,,,,,,
https://www.trustwave.com/Company/About-Us/Careers/,Trustwave,Trustwave,,,,,Chicago,IL,,,,,,,
https://www.twilio.com/company/jobs,Twilio,Twilio,,,,,Mountain View,CA,,,,,,,
https://www.twilio.com/company/jobs,Twilio,Twilio,,,,,San Francisco,CA,,,,,,,
http://www.twitch.tv/p/jobs,Twitch,Twitch,,,,,San Francisco,CA,,,,,,,
https://about.twitter.com/careers,Twitter,Twitter,,,,,Boston,MA,,,,,,,
https://about.twitter.com/careers,Twitter,Twitter,,,,,Seattle,WA,,,,,,,
https://about.twitter.com/careers,Twitter,Twitter,,,,,San Francisco,CA,,,,,,,
https://about.twitter.com/careers,Twitter,Twitter,,,,,New York,NY,,,,,,,
https://about.twitter.com/careers,Twitter,Twitter,,,,,Boulder,CO,,,,,,,
https://www.udacity.com/jobs,Udacity,Udacity,,,,,Mountain View,CA,,,,,,,
https://www.udacity.com/jobs,Udacity,Udacity,,,,,San Francisco,CA,,,,,,,
https://unity3d.com/jobs,Unity,Unity,,,,,Austin,TX,,,,,,,
https://unity3d.com/jobs,Unity,Unity,,,,,San Francisco,CA,,,,,,,
https://unity3d.com/jobs,Unity,Unity,,,,,Bellevue,WA,,,,,,,
https://www.upwork.com/about/careers/,Upwork,Upwork,,,,,Mountain View,CA,,,,,,,
http://www.valvesoftware.com/jobs/job_postings.html,Valve,Valve,,,,,Bellevue,WA,,,,,,,
https://venmo.com/jobs/,Venmo,Venmo,,,,,New York,NY,,,,,,,
http://www.vertafore.com/About-Us/Careers/Openings,Vertafore,Vertafore,,,,,Atlanta,GA,,,,,,,
http://www.vertafore.com/About-Us/Careers/Openings,Vertafore,Vertafore,,,,,Windsor,CT,,,,,,,
http://www.vertafore.com/About-Us/Careers/Openings,Vertafore,Vertafore,,,,,East Lansing,MI,,,,,,,
http://www.vertafore.com/About-Us/Careers/Openings,Vertafore,Vertafore,,,,,Bothell,WA,,,,,,,
https://www.vhx.tv/jobs,VHX,VHX,,,,,New York,NY,,,,,,,
https://vimeo.com/jobs,Vimeo,Vimeo,,,,,New York,NY,,,,,,,
http://www.voxmedia.com/careers,Vox Media,Vox Media,,,,,New York,NY,,,,,,,
http://www.voxmedia.com/careers,Vox Media,Vox Media,,,,,Washingto,DC,,,,,,,
https://www.wattpad.com/life/?jobs,Wattpad,Wattpad,,,,,Toronto,ON,,,,,,,
https://www.wayup.com/joinus/,WayUp,WayUp,,,,,New York,NY,,,,,,,
https://www.wealthfront.com/careers,Wealthfront,Wealthfront,,,,,,,,,,,,,
http://careers.weebly.com/,Weebly,Weebly,,,,,San Francisco,CA,,,,,,,
https://wikimediafoundation.org/wiki/Work_with_us,Wikimedia Foundation,Wikimedia Foundation,,,,Yes,San Francisco,CA,,,,,,,
https://www.wish.com/careers,Wish,Wish,,,,,San Francisco,CA,,,,,,,
https://www.workmarket.com/jobs,Work Market,Work Market,,,,,New York,NY,,,,,,,
https://www.workiva.com/content/careers,Workiva,Workiva,,,,,Ames,IA,,,,,,,
https://www.xero.com/nz/about/careers/,Xero,Xero,,,,,,,,,,,,,
http://www.yext.com/company/careers/,Yext,Yext,,,,,New York,NY,,,,,,,
https://www.younow.com/jobs,YouNow,YouNow,,,,,New York,NY,,,,,,,
https://www.zendesk.com/jobs/,Zendesk,Zendesk,,,,Yes,San Francisco,CA,,,,,,,
http://www.zillow.com/jobs/,Zillow,Zillow,,,,,Irvine,CA,,,,,,,
http://www.zillow.com/jobs/,Zillow,Zillow,,,,,Seattle,WA,,,,,,,
http://www.zillow.com/jobs/,Zillow,Zillow,,,,,New York,NY,,,,,,,
http://www.zillow.com/jobs/,Zillow,Zillow,,,,,San Francisco,CA,,,,,,,
https://about.zoosk.com/en-us/careers/,Zoosk,Zoosk,,,,,San Francisco,CA,,,,,,,
https://www.zuora.com/about/careers/,Zuora,Zuora,,,,,Foster City,CA,,,,,,,